<application>
  <component name="ProjectJdkTable">
    <jdk version="2">
      <name value="JDK" />
      <type value="JavaSDK" />
      <version value="java version &quot;1.8.0_212&quot;" />
      <homePath value="/usr/lib/jvm/java-8-jdk" />
      <roots>
        <annotationsPath>
          <root type="composite">
            <root url="jar://$APPLICATION_HOME_DIR$/lib/jdkAnnotations.jar!/" type="simple" />
          </root>
        </annotationsPath>
        <classPath>
          <root type="composite">
            <root url="jar:///usr/lib/jvm/java-8-jdk/jre/lib/charsets.jar!/" type="simple" />
            <root url="jar:///usr/lib/jvm/java-8-jdk/jre/lib/deploy.jar!/" type="simple" />
            <root url="jar:///usr/lib/jvm/java-8-jdk/jre/lib/ext/cldrdata.jar!/" type="simple" />
            <root url="jar:///usr/lib/jvm/java-8-jdk/jre/lib/ext/dnsns.jar!/" type="simple" />
            <root url="jar:///usr/lib/jvm/java-8-jdk/jre/lib/ext/jaccess.jar!/" type="simple" />
            <root url="jar:///usr/lib/jvm/java-8-jdk/jre/lib/ext/jfxrt.jar!/" type="simple" />
            <root url="jar:///usr/lib/jvm/java-8-jdk/jre/lib/ext/localedata.jar!/" type="simple" />
            <root url="jar:///usr/lib/jvm/java-8-jdk/jre/lib/ext/nashorn.jar!/" type="simple" />
            <root url="jar:///usr/lib/jvm/java-8-jdk/jre/lib/ext/sunec.jar!/" type="simple" />
            <root url="jar:///usr/lib/jvm/java-8-jdk/jre/lib/ext/sunjce_provider.jar!/" type="simple" />
            <root url="jar:///usr/lib/jvm/java-8-jdk/jre/lib/ext/sunpkcs11.jar!/" type="simple" />
            <root url="jar:///usr/lib/jvm/java-8-jdk/jre/lib/ext/zipfs.jar!/" type="simple" />
            <root url="jar:///usr/lib/jvm/java-8-jdk/jre/lib/javaws.jar!/" type="simple" />
            <root url="jar:///usr/lib/jvm/java-8-jdk/jre/lib/jce.jar!/" type="simple" />
            <root url="jar:///usr/lib/jvm/java-8-jdk/jre/lib/jfr.jar!/" type="simple" />
            <root url="jar:///usr/lib/jvm/java-8-jdk/jre/lib/jfxswt.jar!/" type="simple" />
            <root url="jar:///usr/lib/jvm/java-8-jdk/jre/lib/jsse.jar!/" type="simple" />
            <root url="jar:///usr/lib/jvm/java-8-jdk/jre/lib/management-agent.jar!/" type="simple" />
            <root url="jar:///usr/lib/jvm/java-8-jdk/jre/lib/plugin.jar!/" type="simple" />
            <root url="jar:///usr/lib/jvm/java-8-jdk/jre/lib/resources.jar!/" type="simple" />
            <root url="jar:///usr/lib/jvm/java-8-jdk/jre/lib/rt.jar!/" type="simple" />
          </root>
        </classPath>
        <javadocPath>
          <root type="composite" />
        </javadocPath>
        <sourcePath>
          <root type="composite">
            <root url="jar:///usr/lib/jvm/java-8-jdk/src.zip!/" type="simple" />
            <root url="jar:///usr/lib/jvm/java-8-jdk/javafx-src.zip!/" type="simple" />
          </root>
        </sourcePath>
      </roots>
      <additional />
    </jdk>
    <jdk version="2">
      <name value="12" />
      <type value="JavaSDK" />
      <version value="java version &quot;12.0.1&quot;" />
      <homePath value="/usr/lib/jvm/java-12-jdk" />
      <roots>
        <annotationsPath>
          <root type="composite">
            <root url="jar://$APPLICATION_HOME_DIR$/lib/jdkAnnotations.jar!/" type="simple" />
          </root>
        </annotationsPath>
        <classPath>
          <root type="composite">
            <root url="jrt:///usr/lib/jvm/java-12-jdk!/java.base" type="simple" />
            <root url="jrt:///usr/lib/jvm/java-12-jdk!/java.compiler" type="simple" />
            <root url="jrt:///usr/lib/jvm/java-12-jdk!/java.datatransfer" type="simple" />
            <root url="jrt:///usr/lib/jvm/java-12-jdk!/java.desktop" type="simple" />
            <root url="jrt:///usr/lib/jvm/java-12-jdk!/java.instrument" type="simple" />
            <root url="jrt:///usr/lib/jvm/java-12-jdk!/java.logging" type="simple" />
            <root url="jrt:///usr/lib/jvm/java-12-jdk!/java.management" type="simple" />
            <root url="jrt:///usr/lib/jvm/java-12-jdk!/java.management.rmi" type="simple" />
            <root url="jrt:///usr/lib/jvm/java-12-jdk!/java.naming" type="simple" />
            <root url="jrt:///usr/lib/jvm/java-12-jdk!/java.net.http" type="simple" />
            <root url="jrt:///usr/lib/jvm/java-12-jdk!/java.prefs" type="simple" />
            <root url="jrt:///usr/lib/jvm/java-12-jdk!/java.rmi" type="simple" />
            <root url="jrt:///usr/lib/jvm/java-12-jdk!/java.scripting" type="simple" />
            <root url="jrt:///usr/lib/jvm/java-12-jdk!/java.se" type="simple" />
            <root url="jrt:///usr/lib/jvm/java-12-jdk!/java.security.jgss" type="simple" />
            <root url="jrt:///usr/lib/jvm/java-12-jdk!/java.security.sasl" type="simple" />
            <root url="jrt:///usr/lib/jvm/java-12-jdk!/java.smartcardio" type="simple" />
            <root url="jrt:///usr/lib/jvm/java-12-jdk!/java.sql" type="simple" />
            <root url="jrt:///usr/lib/jvm/java-12-jdk!/java.sql.rowset" type="simple" />
            <root url="jrt:///usr/lib/jvm/java-12-jdk!/java.transaction.xa" type="simple" />
            <root url="jrt:///usr/lib/jvm/java-12-jdk!/java.xml" type="simple" />
            <root url="jrt:///usr/lib/jvm/java-12-jdk!/java.xml.crypto" type="simple" />
            <root url="jrt:///usr/lib/jvm/java-12-jdk!/jdk.accessibility" type="simple" />
            <root url="jrt:///usr/lib/jvm/java-12-jdk!/jdk.aot" type="simple" />
            <root url="jrt:///usr/lib/jvm/java-12-jdk!/jdk.attach" type="simple" />
            <root url="jrt:///usr/lib/jvm/java-12-jdk!/jdk.charsets" type="simple" />
            <root url="jrt:///usr/lib/jvm/java-12-jdk!/jdk.compiler" type="simple" />
            <root url="jrt:///usr/lib/jvm/java-12-jdk!/jdk.crypto.cryptoki" type="simple" />
            <root url="jrt:///usr/lib/jvm/java-12-jdk!/jdk.crypto.ec" type="simple" />
            <root url="jrt:///usr/lib/jvm/java-12-jdk!/jdk.dynalink" type="simple" />
            <root url="jrt:///usr/lib/jvm/java-12-jdk!/jdk.editpad" type="simple" />
            <root url="jrt:///usr/lib/jvm/java-12-jdk!/jdk.hotspot.agent" type="simple" />
            <root url="jrt:///usr/lib/jvm/java-12-jdk!/jdk.httpserver" type="simple" />
            <root url="jrt:///usr/lib/jvm/java-12-jdk!/jdk.internal.ed" type="simple" />
            <root url="jrt:///usr/lib/jvm/java-12-jdk!/jdk.internal.jvmstat" type="simple" />
            <root url="jrt:///usr/lib/jvm/java-12-jdk!/jdk.internal.le" type="simple" />
            <root url="jrt:///usr/lib/jvm/java-12-jdk!/jdk.internal.opt" type="simple" />
            <root url="jrt:///usr/lib/jvm/java-12-jdk!/jdk.internal.vm.ci" type="simple" />
            <root url="jrt:///usr/lib/jvm/java-12-jdk!/jdk.internal.vm.compiler" type="simple" />
            <root url="jrt:///usr/lib/jvm/java-12-jdk!/jdk.internal.vm.compiler.management" type="simple" />
            <root url="jrt:///usr/lib/jvm/java-12-jdk!/jdk.jartool" type="simple" />
            <root url="jrt:///usr/lib/jvm/java-12-jdk!/jdk.javadoc" type="simple" />
            <root url="jrt:///usr/lib/jvm/java-12-jdk!/jdk.jcmd" type="simple" />
            <root url="jrt:///usr/lib/jvm/java-12-jdk!/jdk.jconsole" type="simple" />
            <root url="jrt:///usr/lib/jvm/java-12-jdk!/jdk.jdeps" type="simple" />
            <root url="jrt:///usr/lib/jvm/java-12-jdk!/jdk.jdi" type="simple" />
            <root url="jrt:///usr/lib/jvm/java-12-jdk!/jdk.jdwp.agent" type="simple" />
            <root url="jrt:///usr/lib/jvm/java-12-jdk!/jdk.jfr" type="simple" />
            <root url="jrt:///usr/lib/jvm/java-12-jdk!/jdk.jlink" type="simple" />
            <root url="jrt:///usr/lib/jvm/java-12-jdk!/jdk.jshell" type="simple" />
            <root url="jrt:///usr/lib/jvm/java-12-jdk!/jdk.jsobject" type="simple" />
            <root url="jrt:///usr/lib/jvm/java-12-jdk!/jdk.jstatd" type="simple" />
            <root url="jrt:///usr/lib/jvm/java-12-jdk!/jdk.localedata" type="simple" />
            <root url="jrt:///usr/lib/jvm/java-12-jdk!/jdk.management" type="simple" />
            <root url="jrt:///usr/lib/jvm/java-12-jdk!/jdk.management.agent" type="simple" />
            <root url="jrt:///usr/lib/jvm/java-12-jdk!/jdk.management.jfr" type="simple" />
            <root url="jrt:///usr/lib/jvm/java-12-jdk!/jdk.naming.dns" type="simple" />
            <root url="jrt:///usr/lib/jvm/java-12-jdk!/jdk.naming.rmi" type="simple" />
            <root url="jrt:///usr/lib/jvm/java-12-jdk!/jdk.net" type="simple" />
            <root url="jrt:///usr/lib/jvm/java-12-jdk!/jdk.pack" type="simple" />
            <root url="jrt:///usr/lib/jvm/java-12-jdk!/jdk.rmic" type="simple" />
            <root url="jrt:///usr/lib/jvm/java-12-jdk!/jdk.scripting.nashorn" type="simple" />
            <root url="jrt:///usr/lib/jvm/java-12-jdk!/jdk.scripting.nashorn.shell" type="simple" />
            <root url="jrt:///usr/lib/jvm/java-12-jdk!/jdk.sctp" type="simple" />
            <root url="jrt:///usr/lib/jvm/java-12-jdk!/jdk.security.auth" type="simple" />
            <root url="jrt:///usr/lib/jvm/java-12-jdk!/jdk.security.jgss" type="simple" />
            <root url="jrt:///usr/lib/jvm/java-12-jdk!/jdk.unsupported" type="simple" />
            <root url="jrt:///usr/lib/jvm/java-12-jdk!/jdk.unsupported.desktop" type="simple" />
            <root url="jrt:///usr/lib/jvm/java-12-jdk!/jdk.xml.dom" type="simple" />
            <root url="jrt:///usr/lib/jvm/java-12-jdk!/jdk.zipfs" type="simple" />
          </root>
        </classPath>
        <javadocPath>
          <root type="composite" />
        </javadocPath>
        <sourcePath>
          <root type="composite">
            <root url="jar:///usr/lib/jvm/java-12-jdk/lib/src.zip!/java.se" type="simple" />
            <root url="jar:///usr/lib/jvm/java-12-jdk/lib/src.zip!/jdk.aot" type="simple" />
            <root url="jar:///usr/lib/jvm/java-12-jdk/lib/src.zip!/jdk.jdi" type="simple" />
            <root url="jar:///usr/lib/jvm/java-12-jdk/lib/src.zip!/jdk.jfr" type="simple" />
            <root url="jar:///usr/lib/jvm/java-12-jdk/lib/src.zip!/jdk.net" type="simple" />
            <root url="jar:///usr/lib/jvm/java-12-jdk/lib/src.zip!/java.rmi" type="simple" />
            <root url="jar:///usr/lib/jvm/java-12-jdk/lib/src.zip!/java.sql" type="simple" />
            <root url="jar:///usr/lib/jvm/java-12-jdk/lib/src.zip!/java.xml" type="simple" />
            <root url="jar:///usr/lib/jvm/java-12-jdk/lib/src.zip!/jdk.jcmd" type="simple" />
            <root url="jar:///usr/lib/jvm/java-12-jdk/lib/src.zip!/jdk.pack" type="simple" />
            <root url="jar:///usr/lib/jvm/java-12-jdk/lib/src.zip!/jdk.rmic" type="simple" />
            <root url="jar:///usr/lib/jvm/java-12-jdk/lib/src.zip!/jdk.sctp" type="simple" />
            <root url="jar:///usr/lib/jvm/java-12-jdk/lib/src.zip!/java.base" type="simple" />
            <root url="jar:///usr/lib/jvm/java-12-jdk/lib/src.zip!/jdk.jdeps" type="simple" />
            <root url="jar:///usr/lib/jvm/java-12-jdk/lib/src.zip!/jdk.jlink" type="simple" />
            <root url="jar:///usr/lib/jvm/java-12-jdk/lib/src.zip!/jdk.zipfs" type="simple" />
            <root url="jar:///usr/lib/jvm/java-12-jdk/lib/src.zip!/java.prefs" type="simple" />
            <root url="jar:///usr/lib/jvm/java-12-jdk/lib/src.zip!/jdk.attach" type="simple" />
            <root url="jar:///usr/lib/jvm/java-12-jdk/lib/src.zip!/jdk.jshell" type="simple" />
            <root url="jar:///usr/lib/jvm/java-12-jdk/lib/src.zip!/jdk.jstatd" type="simple" />
            <root url="jar:///usr/lib/jvm/java-12-jdk/lib/src.zip!/java.naming" type="simple" />
            <root url="jar:///usr/lib/jvm/java-12-jdk/lib/src.zip!/jdk.editpad" type="simple" />
            <root url="jar:///usr/lib/jvm/java-12-jdk/lib/src.zip!/jdk.jartool" type="simple" />
            <root url="jar:///usr/lib/jvm/java-12-jdk/lib/src.zip!/jdk.javadoc" type="simple" />
            <root url="jar:///usr/lib/jvm/java-12-jdk/lib/src.zip!/jdk.xml.dom" type="simple" />
            <root url="jar:///usr/lib/jvm/java-12-jdk/lib/src.zip!/java.desktop" type="simple" />
            <root url="jar:///usr/lib/jvm/java-12-jdk/lib/src.zip!/java.logging" type="simple" />
            <root url="jar:///usr/lib/jvm/java-12-jdk/lib/src.zip!/jdk.charsets" type="simple" />
            <root url="jar:///usr/lib/jvm/java-12-jdk/lib/src.zip!/jdk.compiler" type="simple" />
            <root url="jar:///usr/lib/jvm/java-12-jdk/lib/src.zip!/jdk.dynalink" type="simple" />
            <root url="jar:///usr/lib/jvm/java-12-jdk/lib/src.zip!/jdk.jconsole" type="simple" />
            <root url="jar:///usr/lib/jvm/java-12-jdk/lib/src.zip!/jdk.jsobject" type="simple" />
            <root url="jar:///usr/lib/jvm/java-12-jdk/lib/src.zip!/java.compiler" type="simple" />
            <root url="jar:///usr/lib/jvm/java-12-jdk/lib/src.zip!/java.net.http" type="simple" />
            <root url="jar:///usr/lib/jvm/java-12-jdk/lib/src.zip!/jdk.crypto.ec" type="simple" />
            <root url="jar:///usr/lib/jvm/java-12-jdk/lib/src.zip!/java.scripting" type="simple" />
            <root url="jar:///usr/lib/jvm/java-12-jdk/lib/src.zip!/jdk.httpserver" type="simple" />
            <root url="jar:///usr/lib/jvm/java-12-jdk/lib/src.zip!/jdk.jdwp.agent" type="simple" />
            <root url="jar:///usr/lib/jvm/java-12-jdk/lib/src.zip!/jdk.localedata" type="simple" />
            <root url="jar:///usr/lib/jvm/java-12-jdk/lib/src.zip!/jdk.management" type="simple" />
            <root url="jar:///usr/lib/jvm/java-12-jdk/lib/src.zip!/jdk.naming.dns" type="simple" />
            <root url="jar:///usr/lib/jvm/java-12-jdk/lib/src.zip!/jdk.naming.rmi" type="simple" />
            <root url="jar:///usr/lib/jvm/java-12-jdk/lib/src.zip!/java.instrument" type="simple" />
            <root url="jar:///usr/lib/jvm/java-12-jdk/lib/src.zip!/java.management" type="simple" />
            <root url="jar:///usr/lib/jvm/java-12-jdk/lib/src.zip!/java.sql.rowset" type="simple" />
            <root url="jar:///usr/lib/jvm/java-12-jdk/lib/src.zip!/java.xml.crypto" type="simple" />
            <root url="jar:///usr/lib/jvm/java-12-jdk/lib/src.zip!/jdk.internal.ed" type="simple" />
            <root url="jar:///usr/lib/jvm/java-12-jdk/lib/src.zip!/jdk.internal.le" type="simple" />
            <root url="jar:///usr/lib/jvm/java-12-jdk/lib/src.zip!/jdk.unsupported" type="simple" />
            <root url="jar:///usr/lib/jvm/java-12-jdk/lib/src.zip!/java.smartcardio" type="simple" />
            <root url="jar:///usr/lib/jvm/java-12-jdk/lib/src.zip!/jdk.internal.opt" type="simple" />
            <root url="jar:///usr/lib/jvm/java-12-jdk/lib/src.zip!/java.datatransfer" type="simple" />
            <root url="jar:///usr/lib/jvm/java-12-jdk/lib/src.zip!/jdk.accessibility" type="simple" />
            <root url="jar:///usr/lib/jvm/java-12-jdk/lib/src.zip!/jdk.hotspot.agent" type="simple" />
            <root url="jar:///usr/lib/jvm/java-12-jdk/lib/src.zip!/jdk.security.auth" type="simple" />
            <root url="jar:///usr/lib/jvm/java-12-jdk/lib/src.zip!/jdk.security.jgss" type="simple" />
            <root url="jar:///usr/lib/jvm/java-12-jdk/lib/src.zip!/java.security.jgss" type="simple" />
            <root url="jar:///usr/lib/jvm/java-12-jdk/lib/src.zip!/java.security.sasl" type="simple" />
            <root url="jar:///usr/lib/jvm/java-12-jdk/lib/src.zip!/jdk.internal.vm.ci" type="simple" />
            <root url="jar:///usr/lib/jvm/java-12-jdk/lib/src.zip!/jdk.management.jfr" type="simple" />
            <root url="jar:///usr/lib/jvm/java-12-jdk/lib/src.zip!/java.management.rmi" type="simple" />
            <root url="jar:///usr/lib/jvm/java-12-jdk/lib/src.zip!/java.transaction.xa" type="simple" />
            <root url="jar:///usr/lib/jvm/java-12-jdk/lib/src.zip!/jdk.crypto.cryptoki" type="simple" />
            <root url="jar:///usr/lib/jvm/java-12-jdk/lib/src.zip!/jdk.internal.jvmstat" type="simple" />
            <root url="jar:///usr/lib/jvm/java-12-jdk/lib/src.zip!/jdk.management.agent" type="simple" />
            <root url="jar:///usr/lib/jvm/java-12-jdk/lib/src.zip!/jdk.scripting.nashorn" type="simple" />
            <root url="jar:///usr/lib/jvm/java-12-jdk/lib/src.zip!/jdk.unsupported.desktop" type="simple" />
            <root url="jar:///usr/lib/jvm/java-12-jdk/lib/src.zip!/jdk.internal.vm.compiler" type="simple" />
            <root url="jar:///usr/lib/jvm/java-12-jdk/lib/src.zip!/jdk.scripting.nashorn.shell" type="simple" />
            <root url="jar:///usr/lib/jvm/java-12-jdk/lib/src.zip!/jdk.internal.vm.compiler.management" type="simple" />
          </root>
        </sourcePath>
      </roots>
      <additional />
    </jdk>
    <jdk version="2">
      <name value="11" />
      <type value="JavaSDK" />
      <version value="java version &quot;11.0.3&quot;" />
      <homePath value="/usr/lib/jvm/java-11-openjdk" />
      <roots>
        <annotationsPath>
          <root type="composite">
            <root url="jar://$APPLICATION_HOME_DIR$/lib/jdkAnnotations.jar!/" type="simple" />
          </root>
        </annotationsPath>
        <classPath>
          <root type="composite">
            <root url="jrt:///usr/lib/jvm/java-11-openjdk!/java.base" type="simple" />
            <root url="jrt:///usr/lib/jvm/java-11-openjdk!/java.compiler" type="simple" />
            <root url="jrt:///usr/lib/jvm/java-11-openjdk!/java.datatransfer" type="simple" />
            <root url="jrt:///usr/lib/jvm/java-11-openjdk!/java.desktop" type="simple" />
            <root url="jrt:///usr/lib/jvm/java-11-openjdk!/java.instrument" type="simple" />
            <root url="jrt:///usr/lib/jvm/java-11-openjdk!/java.logging" type="simple" />
            <root url="jrt:///usr/lib/jvm/java-11-openjdk!/java.management" type="simple" />
            <root url="jrt:///usr/lib/jvm/java-11-openjdk!/java.management.rmi" type="simple" />
            <root url="jrt:///usr/lib/jvm/java-11-openjdk!/java.naming" type="simple" />
            <root url="jrt:///usr/lib/jvm/java-11-openjdk!/java.net.http" type="simple" />
            <root url="jrt:///usr/lib/jvm/java-11-openjdk!/java.prefs" type="simple" />
            <root url="jrt:///usr/lib/jvm/java-11-openjdk!/java.rmi" type="simple" />
            <root url="jrt:///usr/lib/jvm/java-11-openjdk!/java.scripting" type="simple" />
            <root url="jrt:///usr/lib/jvm/java-11-openjdk!/java.se" type="simple" />
            <root url="jrt:///usr/lib/jvm/java-11-openjdk!/java.security.jgss" type="simple" />
            <root url="jrt:///usr/lib/jvm/java-11-openjdk!/java.security.sasl" type="simple" />
            <root url="jrt:///usr/lib/jvm/java-11-openjdk!/java.smartcardio" type="simple" />
            <root url="jrt:///usr/lib/jvm/java-11-openjdk!/java.sql" type="simple" />
            <root url="jrt:///usr/lib/jvm/java-11-openjdk!/java.sql.rowset" type="simple" />
            <root url="jrt:///usr/lib/jvm/java-11-openjdk!/java.transaction.xa" type="simple" />
            <root url="jrt:///usr/lib/jvm/java-11-openjdk!/java.xml" type="simple" />
            <root url="jrt:///usr/lib/jvm/java-11-openjdk!/java.xml.crypto" type="simple" />
            <root url="jrt:///usr/lib/jvm/java-11-openjdk!/jdk.accessibility" type="simple" />
            <root url="jrt:///usr/lib/jvm/java-11-openjdk!/jdk.aot" type="simple" />
            <root url="jrt:///usr/lib/jvm/java-11-openjdk!/jdk.attach" type="simple" />
            <root url="jrt:///usr/lib/jvm/java-11-openjdk!/jdk.charsets" type="simple" />
            <root url="jrt:///usr/lib/jvm/java-11-openjdk!/jdk.compiler" type="simple" />
            <root url="jrt:///usr/lib/jvm/java-11-openjdk!/jdk.crypto.cryptoki" type="simple" />
            <root url="jrt:///usr/lib/jvm/java-11-openjdk!/jdk.crypto.ec" type="simple" />
            <root url="jrt:///usr/lib/jvm/java-11-openjdk!/jdk.dynalink" type="simple" />
            <root url="jrt:///usr/lib/jvm/java-11-openjdk!/jdk.editpad" type="simple" />
            <root url="jrt:///usr/lib/jvm/java-11-openjdk!/jdk.hotspot.agent" type="simple" />
            <root url="jrt:///usr/lib/jvm/java-11-openjdk!/jdk.httpserver" type="simple" />
            <root url="jrt:///usr/lib/jvm/java-11-openjdk!/jdk.internal.ed" type="simple" />
            <root url="jrt:///usr/lib/jvm/java-11-openjdk!/jdk.internal.jvmstat" type="simple" />
            <root url="jrt:///usr/lib/jvm/java-11-openjdk!/jdk.internal.le" type="simple" />
            <root url="jrt:///usr/lib/jvm/java-11-openjdk!/jdk.internal.opt" type="simple" />
            <root url="jrt:///usr/lib/jvm/java-11-openjdk!/jdk.internal.vm.ci" type="simple" />
            <root url="jrt:///usr/lib/jvm/java-11-openjdk!/jdk.internal.vm.compiler" type="simple" />
            <root url="jrt:///usr/lib/jvm/java-11-openjdk!/jdk.internal.vm.compiler.management" type="simple" />
            <root url="jrt:///usr/lib/jvm/java-11-openjdk!/jdk.jartool" type="simple" />
            <root url="jrt:///usr/lib/jvm/java-11-openjdk!/jdk.javadoc" type="simple" />
            <root url="jrt:///usr/lib/jvm/java-11-openjdk!/jdk.jcmd" type="simple" />
            <root url="jrt:///usr/lib/jvm/java-11-openjdk!/jdk.jconsole" type="simple" />
            <root url="jrt:///usr/lib/jvm/java-11-openjdk!/jdk.jdeps" type="simple" />
            <root url="jrt:///usr/lib/jvm/java-11-openjdk!/jdk.jdi" type="simple" />
            <root url="jrt:///usr/lib/jvm/java-11-openjdk!/jdk.jdwp.agent" type="simple" />
            <root url="jrt:///usr/lib/jvm/java-11-openjdk!/jdk.jfr" type="simple" />
            <root url="jrt:///usr/lib/jvm/java-11-openjdk!/jdk.jlink" type="simple" />
            <root url="jrt:///usr/lib/jvm/java-11-openjdk!/jdk.jshell" type="simple" />
            <root url="jrt:///usr/lib/jvm/java-11-openjdk!/jdk.jsobject" type="simple" />
            <root url="jrt:///usr/lib/jvm/java-11-openjdk!/jdk.jstatd" type="simple" />
            <root url="jrt:///usr/lib/jvm/java-11-openjdk!/jdk.localedata" type="simple" />
            <root url="jrt:///usr/lib/jvm/java-11-openjdk!/jdk.management" type="simple" />
            <root url="jrt:///usr/lib/jvm/java-11-openjdk!/jdk.management.agent" type="simple" />
            <root url="jrt:///usr/lib/jvm/java-11-openjdk!/jdk.management.jfr" type="simple" />
            <root url="jrt:///usr/lib/jvm/java-11-openjdk!/jdk.naming.dns" type="simple" />
            <root url="jrt:///usr/lib/jvm/java-11-openjdk!/jdk.naming.rmi" type="simple" />
            <root url="jrt:///usr/lib/jvm/java-11-openjdk!/jdk.net" type="simple" />
            <root url="jrt:///usr/lib/jvm/java-11-openjdk!/jdk.pack" type="simple" />
            <root url="jrt:///usr/lib/jvm/java-11-openjdk!/jdk.rmic" type="simple" />
            <root url="jrt:///usr/lib/jvm/java-11-openjdk!/jdk.scripting.nashorn" type="simple" />
            <root url="jrt:///usr/lib/jvm/java-11-openjdk!/jdk.scripting.nashorn.shell" type="simple" />
            <root url="jrt:///usr/lib/jvm/java-11-openjdk!/jdk.sctp" type="simple" />
            <root url="jrt:///usr/lib/jvm/java-11-openjdk!/jdk.security.auth" type="simple" />
            <root url="jrt:///usr/lib/jvm/java-11-openjdk!/jdk.security.jgss" type="simple" />
            <root url="jrt:///usr/lib/jvm/java-11-openjdk!/jdk.unsupported" type="simple" />
            <root url="jrt:///usr/lib/jvm/java-11-openjdk!/jdk.unsupported.desktop" type="simple" />
            <root url="jrt:///usr/lib/jvm/java-11-openjdk!/jdk.xml.dom" type="simple" />
            <root url="jrt:///usr/lib/jvm/java-11-openjdk!/jdk.zipfs" type="simple" />
          </root>
        </classPath>
        <javadocPath>
          <root type="composite">
            <root url="https://docs.oracle.com/en/java/javase/11/docs/api/" type="simple" />
          </root>
        </javadocPath>
        <sourcePath>
          <root type="composite" />
        </sourcePath>
      </roots>
      <additional />
    </jdk>
    <jdk version="2">
      <name value="DMD64 D Compiler v2.085.1" />
      <type value="DMD2 SDK" />
      <version value="2.085.1" />
      <homePath value="/usr/bin" />
      <roots>
        <annotationsPath>
          <root type="composite" />
        </annotationsPath>
        <classPath>
          <root type="composite" />
        </classPath>
        <javadocPath>
          <root type="composite" />
        </javadocPath>
        <sourcePath>
          <root type="composite">
            <root url="file:///usr/include/dlang/dmd" type="simple" />
          </root>
        </sourcePath>
      </roots>
      <additional />
    </jdk>
    <jdk version="2">
      <name value="Kotlin SDK" />
      <type value="KotlinSDK" />
      <version value="1.3.31" />
      <homePath value="/opt/android-studio/plugins/Kotlin/kotlinc" />
      <roots>
        <annotationsPath>
          <root type="composite" />
        </annotationsPath>
        <classPath>
          <root type="composite" />
        </classPath>
        <javadocPath>
          <root type="composite" />
        </javadocPath>
        <sourcePath>
          <root type="composite" />
        </sourcePath>
      </roots>
      <additional />
    </jdk>
    <jdk version="2">
      <name value="1.8 (2)" />
      <type value="JavaSDK" />
      <version value="java version &quot;1.8.0_152&quot;" />
      <homePath value="$APPLICATION_HOME_DIR$/jre" />
      <roots>
        <annotationsPath>
          <root type="composite">
            <root url="jar://$APPLICATION_HOME_DIR$/lib/jdkAnnotations.jar!/" type="simple" />
          </root>
        </annotationsPath>
        <classPath>
          <root type="composite">
            <root url="jar://$APPLICATION_HOME_DIR$/jre/jre/lib/charsets.jar!/" type="simple" />
            <root url="jar://$APPLICATION_HOME_DIR$/jre/jre/lib/ext/cldrdata.jar!/" type="simple" />
            <root url="jar://$APPLICATION_HOME_DIR$/jre/jre/lib/ext/dnsns.jar!/" type="simple" />
            <root url="jar://$APPLICATION_HOME_DIR$/jre/jre/lib/ext/jaccess.jar!/" type="simple" />
            <root url="jar://$APPLICATION_HOME_DIR$/jre/jre/lib/ext/localedata.jar!/" type="simple" />
            <root url="jar://$APPLICATION_HOME_DIR$/jre/jre/lib/ext/nashorn.jar!/" type="simple" />
            <root url="jar://$APPLICATION_HOME_DIR$/jre/jre/lib/ext/sunec.jar!/" type="simple" />
            <root url="jar://$APPLICATION_HOME_DIR$/jre/jre/lib/ext/sunjce_provider.jar!/" type="simple" />
            <root url="jar://$APPLICATION_HOME_DIR$/jre/jre/lib/ext/sunpkcs11.jar!/" type="simple" />
            <root url="jar://$APPLICATION_HOME_DIR$/jre/jre/lib/ext/zipfs.jar!/" type="simple" />
            <root url="jar://$APPLICATION_HOME_DIR$/jre/jre/lib/jce.jar!/" type="simple" />
            <root url="jar://$APPLICATION_HOME_DIR$/jre/jre/lib/jsse.jar!/" type="simple" />
            <root url="jar://$APPLICATION_HOME_DIR$/jre/jre/lib/management-agent.jar!/" type="simple" />
            <root url="jar://$APPLICATION_HOME_DIR$/jre/jre/lib/resources.jar!/" type="simple" />
            <root url="jar://$APPLICATION_HOME_DIR$/jre/jre/lib/rt.jar!/" type="simple" />
          </root>
        </classPath>
        <javadocPath>
          <root type="composite">
            <root url="https://docs.oracle.com/javase/8/docs/api/" type="simple" />
          </root>
        </javadocPath>
        <sourcePath>
          <root type="composite" />
        </sourcePath>
      </roots>
      <additional />
    </jdk>
    <jdk version="2">
      <name value="Android API 28 Platform" />
      <type value="Android SDK" />
      <homePath value="/opt/android-sdk" />
      <roots>
        <annotationsPath>
          <root type="composite">
            <root url="jar:///opt/android-sdk/platforms/android-28/data/annotations.zip!/" type="simple" />
          </root>
        </annotationsPath>
        <classPath>
          <root type="composite">
            <root url="jar:///opt/android-sdk/platforms/android-28/android.jar!/" type="simple" />
            <root url="file:///opt/android-sdk/platforms/android-28/data/res" type="simple" />
          </root>
        </classPath>
        <javadocPath>
          <root type="composite">
            <root url="http://developer.android.com/reference/" type="simple" />
          </root>
        </javadocPath>
        <sourcePath>
          <root type="composite" />
        </sourcePath>
      </roots>
      <additional jdk="1.8 (2)" sdk="android-28" />
    </jdk>
    <jdk version="2">
      <name value="Android API 28 Platform (2)" />
      <type value="Android SDK" />
      <homePath value="/opt/android-sdk" />
      <roots>
        <annotationsPath>
          <root type="composite">
            <root url="jar:///opt/android-sdk/platforms/android-28/data/annotations.zip!/" type="simple" />
          </root>
        </annotationsPath>
        <classPath>
          <root type="composite">
            <root url="jar:///opt/android-sdk/platforms/android-28/android.jar!/" type="simple" />
            <root url="file:///opt/android-sdk/platforms/android-28/data/res" type="simple" />
          </root>
        </classPath>
        <javadocPath>
          <root type="composite">
            <root url="http://developer.android.com/reference/" type="simple" />
          </root>
        </javadocPath>
        <sourcePath>
          <root type="composite" />
        </sourcePath>
      </roots>
      <additional jdk="JDK" sdk="android-28" />
    </jdk>
    <jdk version="2">
      <name value="Android API 27 Platform" />
      <type value="Android SDK" />
      <homePath value="/opt/android-sdk" />
      <roots>
        <annotationsPath>
          <root type="composite">
            <root url="jar://$APPLICATION_HOME_DIR$/plugins/android/lib/androidAnnotations.jar!/" type="simple" />
          </root>
        </annotationsPath>
        <classPath>
          <root type="composite">
            <root url="jar:///opt/android-sdk/platforms/android-27/android.jar!/" type="simple" />
            <root url="file:///opt/android-sdk/platforms/android-27/data/res" type="simple" />
          </root>
        </classPath>
        <javadocPath>
          <root type="composite">
            <root url="http://developer.android.com/reference/" type="simple" />
          </root>
        </javadocPath>
        <sourcePath>
          <root type="composite" />
        </sourcePath>
      </roots>
      <additional jdk="1.8 (2)" sdk="android-27" />
    </jdk>
    <jdk version="2">
      <name value="Android API 28 Platform (3)" />
      <type value="Android SDK" />
      <homePath value="/opt/android-sdk" />
      <roots>
        <annotationsPath>
          <root type="composite">
            <root url="jar:///opt/android-sdk/platforms/android-28/data/annotations.zip!/" type="simple" />
          </root>
        </annotationsPath>
        <classPath>
          <root type="composite">
            <root url="jar:///opt/android-sdk/platforms/android-28/android.jar!/" type="simple" />
            <root url="file:///opt/android-sdk/platforms/android-28/data/res" type="simple" />
          </root>
        </classPath>
        <javadocPath>
          <root type="composite">
            <root url="http://developer.android.com/reference/" type="simple" />
          </root>
        </javadocPath>
        <sourcePath>
          <root type="composite" />
        </sourcePath>
      </roots>
      <additional jdk="JDK" sdk="android-28" />
    </jdk>
  </component>
</application>