<application>
  <component name="VimSettings">
    <state version="4" enabled="true" />
    <globalmarks />
    <filemarks>
      <file name="$USER_HOME$/gitStuff/pqStuff/sispresdroid/app/src/main/java/rd/diamant/com/sispre/ui/LoginActivity.kt" timestamp="1561909872427">
        <mark key="[" line="12" column="1" />
        <mark key="]" line="12" column="0" />
        <mark key="." line="12" column="0" />
        <mark key="^" line="12" column="0" />
      </file>
    </filemarks>
    <jumps />
    <registers>
      <register name="1" type="2">
        <text encoding="base64">aW1wb3J0IHJkLmRpYW1hbnQuY29tLnNpc3ByZS5wcmludGplci5hdHRydWJ1dGVzLlByaW50ZXJQcmludEF0dHJpYnV0ZXMK</text>
      </register>
    </registers>
    <search>
      <last-dir>0</last-dir>
      <show-last>false</show-last>
    </search>
    <history />
    <shortcut-conflicts />
  </component>
</application>